{
  "interview_ms": 0.5908240000280784,
  "classify_ms": 0.2159649993700441,
  "referral_ms": 0.2577929990366101,
  "oversight_ms": 0.13250200026959646,
  "envelope_build_ms": 2.345703000173671,
  "time_to_review_hours": 24.8,
  "audit_ms": 0.48395399971923325,
  "total_ms": 4.045169000164606,
  "prov_entities": 4,
  "prov_activities": 4,
  "envelope_size_bytes": 4456
}