{
  "interview_ms": 1.128094008890912,
  "classify_ms": 0.2524579904275015,
  "referral_ms": 0.30449799669440836,
  "oversight_ms": 0.14108899631537497,
  "envelope_build_ms": 25.911037999321707,
  "time_to_review_hours": 24.8,
  "audit_ms": 5.115731997648254,
  "total_ms": 32.8727460000664,
  "prov_entities": 4,
  "prov_activities": 4,
  "envelope_size_bytes": 5589
}