{
  "ingestion_ms": 32.13602799951332,
  "grading_ms": 0.9230239993485156,
  "equity_ms": 1.068246998329414,
  "envelope_build_ms": 23.747377999825403,
  "audit_ms": 1.8260659999214113,
  "total_ms": 59.73193799945875,
  "grading_prov_entities": 3,
  "grading_prov_activities": 2,
  "equity_prov_entities": 3,
  "envelope_size_bytes": 3996,
  "grading_prov_size_bytes": 1684,
  "equity_prov_size_bytes": 1292
}