{
  "sensor_ms": 1.3177180080674589,
  "situation_ms": 0.3552010020939633,
  "decision_ms": 0.2610629890114069,
  "oversight_ms": 0.7822629995644093,
  "envelope_build_ms": 21.27390500390902,
  "audit_ms": 0.747496000258252,
  "total_ms": 24.762331988313235,
  "prov_entities": 6,
  "prov_activities": 8,
  "envelope_size_bytes": 5783,
  "prov_size_bytes": 4865
}