{
  "audit_ms": 21.946924010990188,
  "benchmark": {
    "n_submissions": 500,
    "sentences_per_submission": 6,
    "envelopes_per_submission": 1,
    "total_envelopes": 500,
    "total_interpretation_entries": 6000,
    "elapsed_seconds": 8.858597250000457,
    "per_envelope_ms": 17.717194500000915,
    "per_submission_ms": 17.717194500000915
  },
  "envelopes_emitted": 1,
  "total_ms": 8953.72498400684
}