{
  "audit_ms": 0.6746900035068393,
  "benchmark": {
    "n_submissions": 500,
    "sentences_per_submission": 8,
    "envelopes_per_submission": 1,
    "total_envelopes": 500,
    "total_interpretation_entries": 8000,
    "elapsed_seconds": 2.568878653997672,
    "per_envelope_ms": 5.137757307995344,
    "per_submission_ms": 5.137757307995344
  },
  "envelopes_emitted": 1,
  "total_ms": 2582.982728999923
}