{
  "audit_ms": 25.394329000846483,
  "benchmark": {
    "n_submissions": 500,
    "sentences_per_submission": 8,
    "envelopes_per_submission": 1,
    "total_envelopes": 500,
    "total_interpretation_entries": 8000,
    "elapsed_seconds": 9.635756718998891,
    "per_envelope_ms": 19.271513437997783,
    "per_submission_ms": 19.271513437997783
  },
  "envelopes_emitted": 1,
  "total_ms": 9730.665814000531
}