{
  "audit_ms": 0.826914999379369,
  "benchmark": {
    "n_submissions": 500,
    "sentences_per_submission": 8,
    "envelopes_per_submission": 1,
    "total_envelopes": 500,
    "total_interpretation_entries": 8000,
    "elapsed_seconds": 2.0573668389997692,
    "per_envelope_ms": 4.1147336779995385,
    "per_submission_ms": 4.1147336779995385
  },
  "envelopes_emitted": 1,
  "total_ms": 2071.3392190000377
}