{
  "grading_ms": 1.386515999911353,
  "oversight_ms": 0.3915639972547069,
  "envelope_build_ms": 3.299522999441251,
  "audit_ms": 0.5639919982058927,
  "total_ms": 5.656809997162782
}