{
  "grading_ms": 3.0526129994541407,
  "oversight_ms": 0.8943459979491308,
  "envelope_build_ms": 6.241713002964389,
  "audit_ms": 0.7670749982935376,
  "total_ms": 10.988046997226775
}