{
  "grading_ms": 1.276629998756107,
  "oversight_ms": 0.38186299934750423,
  "envelope_build_ms": 2.5286720010626595,
  "audit_ms": 0.31053199927555397,
  "total_ms": 4.512958999839611
}