{
  "grading_ms": 1.577073009684682,
  "oversight_ms": 0.4748439969262108,
  "envelope_build_ms": 21.549686003709212,
  "audit_ms": 3.4091019915649667,
  "total_ms": 27.02640699862968
}